,survived,pclass,sex,age,sibsp,parch,fare,embarked
0,1,1.0,female,29.0,0.0,0.0,211.3375,S
1,1,1.0,male,0.9167,1.0,2.0,151.55,S
2,0,1.0,female,2.0,1.0,2.0,151.55,S
3,0,1.0,male,30.0,1.0,2.0,151.55,S
4,0,1.0,female,25.0,1.0,2.0,151.55,S
5,1,1.0,male,48.0,0.0,0.0,26.55,S
6,1,1.0,female,63.0,1.0,0.0,77.9583,S
7,0,1.0,male,39.0,0.0,0.0,30.0,S
8,1,1.0,female,53.0,2.0,0.0,51.4792,S
9,0,1.0,male,71.0,0.0,0.0,49.5042,C
10,0,1.0,male,47.0,1.0,0.0,227.525,C
11,1,1.0,female,18.0,1.0,0.0,227.525,C
12,1,1.0,female,24.0,0.0,0.0,69.3,C
13,1,1.0,female,26.0,0.0,0.0,78.85,S
14,1,1.0,male,80.0,0.0,0.0,30.0,S
15,0,1.0,male,29.0,0.0,0.0,25.925,S
16,0,1.0,male,24.0,0.0,1.0,247.5208,C
17,1,1.0,female,50.0,0.0,1.0,247.5208,C
18,1,1.0,female,32.0,0.0,0.0,76.2917,C
19,0,1.0,male,36.0,0.0,0.0,75.2417,C
20,1,1.0,male,37.0,1.0,1.0,52.5542,S
21,1,1.0,female,47.0,1.0,1.0,52.5542,S
22,1,1.0,male,26.0,0.0,0.0,30.0,C
23,1,1.0,female,42.0,0.0,0.0,227.525,C
24,1,1.0,female,29.0,0.0,0.0,221.7792,S
25,0,1.0,male,25.0,0.0,0.0,26.0,C
26,1,1.0,male,25.0,1.0,0.0,91.0792,C
27,1,1.0,female,19.0,1.0,0.0,91.0792,C
28,1,1.0,female,35.0,0.0,0.0,135.6333,S
29,1,1.0,male,28.0,0.0,0.0,26.55,S
30,0,1.0,male,45.0,0.0,0.0,35.5,S
31,1,1.0,male,40.0,0.0,0.0,31.0,C
32,1,1.0,female,30.0,0.0,0.0,164.8667,S
33,1,1.0,female,58.0,0.0,0.0,26.55,S
34,0,1.0,male,42.0,0.0,0.0,26.55,S
35,1,1.0,female,45.0,0.0,0.0,262.375,C
36,1,1.0,female,22.0,0.0,1.0,55.0,S
37,1,1.0,male,29.0,0.0,0.0,26.55,S
38,0,1.0,male,41.0,0.0,0.0,30.5,S
39,0,1.0,male,48.0,0.0,0.0,50.4958,C
41,1,1.0,female,44.0,0.0,0.0,27.7208,C
42,1,1.0,female,59.0,2.0,0.0,51.4792,S
43,1,1.0,female,60.0,0.0,0.0,76.2917,C
44,1,1.0,female,41.0,0.0,0.0,134.5,C
45,0,1.0,male,45.0,0.0,0.0,26.55,S
46,0,1.0,male,29.0,0.0,0.0,31.0,S
47,1,1.0,male,42.0,0.0,0.0,26.2875,S
48,1,1.0,female,53.0,0.0,0.0,27.4458,C
49,1,1.0,male,36.0,0.0,1.0,512.3292,C
50,1,1.0,female,58.0,0.0,1.0,512.3292,C
51,0,1.0,male,33.0,0.0,0.0,5.0,S
52,0,1.0,male,28.0,0.0,0.0,47.1,S
53,0,1.0,male,17.0,0.0,0.0,47.1,S
54,1,1.0,male,11.0,1.0,2.0,120.0,S
55,1,1.0,female,14.0,1.0,2.0,120.0,S
56,1,1.0,male,36.0,1.0,2.0,120.0,S
57,1,1.0,female,36.0,1.0,2.0,120.0,S
58,0,1.0,male,49.0,0.0,0.0,26.0,S
59,1,1.0,female,35.5,0.0,0.0,27.7208,C
60,0,1.0,male,36.0,1.0,0.0,78.85,S
61,1,1.0,female,76.0,1.0,0.0,78.85,S
62,0,1.0,male,46.0,1.0,0.0,61.175,S
63,1,1.0,female,47.0,1.0,0.0,61.175,S
64,1,1.0,male,27.0,1.0,0.0,53.1,S
65,1,1.0,female,33.0,1.0,0.0,53.1,S
66,1,1.0,female,36.0,0.0,0.0,262.375,C
67,1,1.0,female,30.0,0.0,0.0,86.5,S
68,1,1.0,male,45.0,0.0,0.0,29.7,C
69,1,1.0,female,35.5,0.0,1.0,55.0,S
70,0,1.0,male,29.0,0.0,0.0,30.0,S
71,0,1.0,male,27.0,1.0,0.0,136.7792,C
72,1,1.0,female,26.0,1.0,0.0,136.7792,C
73,1,1.0,female,22.0,0.0,0.0,151.55,S
74,0,1.0,male,29.0,0.0,0.0,52.0,S
75,0,1.0,male,47.0,0.0,0.0,25.5875,S
76,1,1.0,female,39.0,1.0,1.0,83.1583,C
77,0,1.0,male,37.0,1.0,1.0,83.1583,C
78,1,1.0,female,64.0,0.0,2.0,83.1583,C
79,1,1.0,female,55.0,2.0,0.0,25.7,S
80,0,1.0,male,29.0,0.0,0.0,26.55,S
81,0,1.0,male,70.0,1.0,1.0,71.0,S
82,1,1.0,female,36.0,0.0,2.0,71.0,S
83,1,1.0,female,64.0,1.0,1.0,26.55,S
84,0,1.0,male,39.0,1.0,0.0,71.2833,C
85,1,1.0,female,38.0,1.0,0.0,71.2833,C
86,1,1.0,male,51.0,0.0,0.0,26.55,S
87,1,1.0,male,27.0,0.0,0.0,30.5,S
88,1,1.0,female,33.0,0.0,0.0,151.55,S
89,0,1.0,male,31.0,1.0,0.0,52.0,S
90,1,1.0,female,27.0,1.0,2.0,52.0,S
91,1,1.0,male,31.0,1.0,0.0,57.0,S
92,1,1.0,female,17.0,1.0,0.0,57.0,S
93,1,1.0,male,53.0,1.0,1.0,81.8583,S
94,1,1.0,male,4.0,0.0,2.0,81.8583,S
95,1,1.0,female,54.0,1.0,1.0,81.8583,S
96,0,1.0,male,50.0,1.0,0.0,106.425,C
97,1,1.0,female,27.0,1.0,1.0,247.5208,C
98,1,1.0,female,48.0,1.0,0.0,106.425,C
99,1,1.0,female,48.0,1.0,0.0,39.6,C
100,1,1.0,male,49.0,1.0,0.0,56.9292,C
101,0,1.0,male,39.0,0.0,0.0,29.7,C
102,1,1.0,female,23.0,0.0,1.0,83.1583,C
103,1,1.0,female,38.0,0.0,0.0,227.525,C
104,1,1.0,female,54.0,1.0,0.0,78.2667,C
105,0,1.0,female,36.0,0.0,0.0,31.6792,C
106,0,1.0,male,29.0,0.0,0.0,221.7792,S
107,1,1.0,female,35.5,0.0,0.0,31.6833,S
108,1,1.0,female,22.0,0.0,0.0,110.8833,C
109,1,1.0,male,36.0,0.0,0.0,26.3875,S
110,0,1.0,male,30.0,0.0,0.0,27.75,C
111,1,1.0,female,24.0,3.0,2.0,263.0,S
112,1,1.0,female,28.0,3.0,2.0,263.0,S
113,1,1.0,female,23.0,3.0,2.0,263.0,S
114,0,1.0,male,19.0,3.0,2.0,263.0,S
115,0,1.0,male,64.0,1.0,4.0,263.0,S
116,1,1.0,female,60.0,1.0,4.0,263.0,S
117,1,1.0,female,30.0,0.0,0.0,56.9292,C
118,0,1.0,male,29.0,0.0,0.0,26.55,S
119,1,1.0,male,50.0,2.0,0.0,133.65,S
120,1,1.0,male,43.0,1.0,0.0,27.7208,C
121,1,1.0,female,35.5,1.0,0.0,133.65,S
122,1,1.0,female,22.0,0.0,2.0,49.5,C
123,1,1.0,male,60.0,1.0,1.0,79.2,C
124,1,1.0,female,48.0,1.0,1.0,79.2,C
125,0,1.0,male,29.0,0.0,0.0,30.0,S
126,0,1.0,male,37.0,1.0,0.0,53.1,S
127,1,1.0,female,35.0,1.0,0.0,53.1,S
128,0,1.0,male,47.0,0.0,0.0,38.5,S
129,1,1.0,female,35.0,0.0,0.0,211.5,C
130,1,1.0,female,22.0,0.0,1.0,59.4,C
131,1,1.0,female,45.0,0.0,1.0,59.4,C
132,0,1.0,male,24.0,0.0,0.0,79.2,C
133,1,1.0,male,49.0,1.0,0.0,89.1042,C
134,1,1.0,female,35.5,1.0,0.0,89.1042,C
135,0,1.0,male,71.0,0.0,0.0,34.6542,C
136,1,1.0,male,53.0,0.0,0.0,28.5,C
137,1,1.0,female,19.0,0.0,0.0,30.0,S
138,0,1.0,male,38.0,0.0,1.0,153.4625,S
139,1,1.0,female,58.0,0.0,1.0,153.4625,S
140,1,1.0,male,23.0,0.0,1.0,63.3583,C
141,1,1.0,female,45.0,0.0,1.0,63.3583,C
142,0,1.0,male,46.0,0.0,0.0,79.2,C
143,1,1.0,male,25.0,1.0,0.0,55.4417,C
144,1,1.0,female,25.0,1.0,0.0,55.4417,C
145,1,1.0,male,48.0,1.0,0.0,76.7292,C
146,1,1.0,female,49.0,1.0,0.0,76.7292,C
147,0,1.0,male,29.0,0.0,0.0,42.4,S
148,0,1.0,male,45.0,1.0,0.0,83.475,S
149,1,1.0,female,35.0,1.0,0.0,83.475,S
150,0,1.0,male,40.0,0.0,0.0,30.0,S
151,1,1.0,male,27.0,0.0,0.0,76.7292,C
152,1,1.0,male,29.0,0.0,0.0,30.0,S
153,1,1.0,female,24.0,0.0,0.0,83.1583,C
154,0,1.0,male,55.0,1.0,1.0,93.5,S
155,1,1.0,female,52.0,1.0,1.0,93.5,S
156,0,1.0,male,42.0,0.0,0.0,42.5,S
157,0,1.0,male,29.0,0.0,0.0,51.8625,S
158,0,1.0,male,55.0,0.0,0.0,50.0,S
159,1,1.0,female,16.0,0.0,1.0,57.9792,C
160,1,1.0,female,44.0,0.0,1.0,57.9792,C
161,1,1.0,female,51.0,1.0,0.0,77.9583,S
162,0,1.0,male,42.0,1.0,0.0,52.0,S
163,1,1.0,female,35.0,1.0,0.0,52.0,S
164,1,1.0,male,35.0,0.0,0.0,26.55,C
165,1,1.0,male,38.0,1.0,0.0,90.0,S
166,0,1.0,male,29.0,0.0,0.0,30.6958,C
167,1,1.0,female,35.0,1.0,0.0,90.0,S
169,0,1.0,female,50.0,0.0,0.0,28.7125,C
170,1,1.0,male,49.0,0.0,0.0,30.0,S
171,0,1.0,male,46.0,0.0,0.0,26.0,S
172,0,1.0,male,50.0,0.0,0.0,26.0,S
173,0,1.0,male,32.5,0.0,0.0,211.5,C
174,0,1.0,male,58.0,0.0,0.0,29.7,C
175,0,1.0,male,41.0,1.0,0.0,51.8625,S
176,1,1.0,female,35.5,1.0,0.0,51.8625,S
177,1,1.0,male,42.0,1.0,0.0,52.5542,S
178,1,1.0,female,45.0,1.0,0.0,52.5542,S
179,0,1.0,male,29.0,0.0,0.0,26.55,S
180,1,1.0,female,39.0,0.0,0.0,211.3375,S
181,1,1.0,female,49.0,0.0,0.0,25.9292,S
182,1,1.0,female,30.0,0.0,0.0,106.425,C
183,1,1.0,male,35.0,0.0,0.0,512.3292,C
184,0,1.0,male,29.0,0.0,0.0,27.7208,C
185,0,1.0,male,42.0,0.0,0.0,26.55,S
186,1,1.0,female,55.0,0.0,0.0,27.7208,C
187,1,1.0,female,16.0,0.0,1.0,39.4,S
188,1,1.0,female,51.0,0.0,1.0,39.4,S
189,0,1.0,male,29.0,0.0,0.0,30.0,S
190,1,1.0,female,21.0,0.0,0.0,77.9583,S
191,0,1.0,male,30.0,0.0,0.0,45.5,S
192,1,1.0,female,58.0,0.0,0.0,146.5208,C
193,1,1.0,female,15.0,0.0,1.0,211.3375,S
194,0,1.0,male,30.0,0.0,0.0,26.0,S
195,1,1.0,female,16.0,0.0,0.0,86.5,S
196,1,1.0,male,29.0,0.0,0.0,29.7,C
197,0,1.0,male,19.0,1.0,0.0,53.1,S
198,1,1.0,female,18.0,1.0,0.0,53.1,S
199,1,1.0,female,24.0,0.0,0.0,49.5042,C
200,0,1.0,male,46.0,0.0,0.0,75.2417,C
201,0,1.0,male,54.0,0.0,0.0,51.8625,S
202,1,1.0,male,36.0,0.0,0.0,26.2875,S
203,0,1.0,male,28.0,1.0,0.0,82.1708,C
204,1,1.0,female,35.5,1.0,0.0,82.1708,C
205,0,1.0,male,65.0,0.0,0.0,26.55,S
206,0,1.0,male,44.0,2.0,0.0,90.0,Q
207,1,1.0,female,33.0,1.0,0.0,90.0,Q
208,1,1.0,female,37.0,1.0,0.0,90.0,Q
209,1,1.0,male,30.0,1.0,0.0,57.75,C
210,0,1.0,male,55.0,0.0,0.0,30.5,S
211,0,1.0,male,47.0,0.0,0.0,42.4,S
212,0,1.0,male,37.0,0.0,1.0,29.7,C
213,1,1.0,female,31.0,1.0,0.0,113.275,C
214,1,1.0,female,23.0,1.0,0.0,113.275,C
215,0,1.0,male,58.0,0.0,2.0,113.275,C
216,1,1.0,female,19.0,0.0,2.0,26.2833,S
217,0,1.0,male,64.0,0.0,0.0,26.0,S
218,1,1.0,female,39.0,0.0,0.0,108.9,C
219,1,1.0,male,29.0,0.0,0.0,25.7417,C
220,1,1.0,female,22.0,0.0,1.0,61.9792,C
221,0,1.0,male,65.0,0.0,1.0,61.9792,C
222,0,1.0,male,28.5,0.0,0.0,27.7208,C
223,0,1.0,male,29.0,0.0,0.0,30.0,S
224,0,1.0,male,45.5,0.0,0.0,28.5,S
225,0,1.0,male,23.0,0.0,0.0,93.5,S
226,0,1.0,male,29.0,1.0,0.0,66.6,S
227,1,1.0,female,22.0,1.0,0.0,66.6,S
228,0,1.0,male,18.0,1.0,0.0,108.9,C
229,1,1.0,female,17.0,1.0,0.0,108.9,C
230,1,1.0,female,30.0,0.0,0.0,93.5,S
231,1,1.0,male,52.0,0.0,0.0,30.5,S
232,0,1.0,male,47.0,0.0,0.0,52.0,S
233,1,1.0,female,56.0,0.0,1.0,83.1583,C
234,0,1.0,male,38.0,0.0,0.0,30.0,S
235,1,1.0,male,29.0,0.0,0.0,39.6,S
236,0,1.0,male,22.0,0.0,0.0,135.6333,C
237,0,1.0,male,29.0,0.0,0.0,227.525,C
238,1,1.0,female,43.0,0.0,1.0,211.3375,S
239,0,1.0,male,31.0,0.0,0.0,50.4958,S
240,1,1.0,male,45.0,0.0,0.0,26.55,S
241,0,1.0,male,29.0,0.0,0.0,50.0,S
242,1,1.0,female,33.0,0.0,0.0,27.7208,C
243,0,1.0,male,46.0,0.0,0.0,79.2,C
244,0,1.0,male,36.0,0.0,0.0,40.125,C
245,1,1.0,female,33.0,0.0,0.0,86.5,S
246,0,1.0,male,55.0,1.0,0.0,59.4,C
247,1,1.0,female,54.0,1.0,0.0,59.4,C
248,0,1.0,male,33.0,0.0,0.0,26.55,S
249,1,1.0,male,13.0,2.0,2.0,262.375,C
250,1,1.0,female,18.0,2.0,2.0,262.375,C
251,1,1.0,female,21.0,2.0,2.0,262.375,C
252,0,1.0,male,61.0,1.0,3.0,262.375,C
253,1,1.0,female,48.0,1.0,3.0,262.375,C
254,1,1.0,male,29.0,0.0,0.0,30.5,S
255,1,1.0,female,24.0,0.0,0.0,69.3,C
256,1,1.0,male,29.0,0.0,0.0,26.0,S
257,1,1.0,female,35.0,1.0,0.0,57.75,C
258,1,1.0,female,30.0,0.0,0.0,31.0,C
259,1,1.0,male,34.0,0.0,0.0,26.55,S
260,1,1.0,female,40.0,0.0,0.0,153.4625,S
261,1,1.0,male,35.0,0.0,0.0,26.2875,S
262,0,1.0,male,50.0,1.0,0.0,55.9,S
263,1,1.0,female,39.0,1.0,0.0,55.9,S
264,1,1.0,male,56.0,0.0,0.0,35.5,C
265,1,1.0,male,28.0,0.0,0.0,35.5,S
266,0,1.0,male,56.0,0.0,0.0,26.55,S
267,0,1.0,male,56.0,0.0,0.0,30.6958,C
268,0,1.0,male,24.0,1.0,0.0,60.0,S
269,0,1.0,male,29.0,0.0,0.0,26.0,S
270,1,1.0,female,18.0,1.0,0.0,60.0,S
271,1,1.0,male,24.0,1.0,0.0,82.2667,S
272,1,1.0,female,23.0,1.0,0.0,82.2667,S
273,1,1.0,male,6.0,0.0,2.0,134.5,C
274,1,1.0,male,45.0,1.0,1.0,134.5,C
275,1,1.0,female,40.0,1.0,1.0,134.5,C
276,0,1.0,male,57.0,1.0,0.0,146.5208,C
277,1,1.0,female,35.5,1.0,0.0,146.5208,C
278,1,1.0,male,32.0,0.0,0.0,30.5,C
279,0,1.0,male,62.0,0.0,0.0,26.55,S
280,1,1.0,male,54.0,1.0,0.0,55.4417,C
281,1,1.0,female,43.0,1.0,0.0,55.4417,C
282,1,1.0,female,52.0,1.0,0.0,78.2667,C
283,0,1.0,male,29.0,0.0,0.0,27.7208,C
285,0,1.0,male,67.0,1.0,0.0,221.7792,S
286,0,1.0,female,63.0,1.0,0.0,221.7792,S
287,0,1.0,male,61.0,0.0,0.0,32.3208,S
288,1,1.0,female,48.0,0.0,0.0,25.9292,S
289,1,1.0,female,18.0,0.0,2.0,79.65,S
290,0,1.0,male,52.0,1.0,1.0,79.65,S
291,1,1.0,female,39.0,1.0,1.0,79.65,S
292,1,1.0,male,48.0,1.0,0.0,52.0,S
293,1,1.0,female,35.5,1.0,0.0,52.0,S
294,0,1.0,male,49.0,1.0,1.0,110.8833,C
295,1,1.0,male,17.0,0.0,2.0,110.8833,C
296,1,1.0,female,39.0,1.0,1.0,110.8833,C
297,1,1.0,female,35.5,0.0,0.0,79.2,C
298,1,1.0,male,31.0,0.0,0.0,28.5375,C
299,0,1.0,male,40.0,0.0,0.0,27.7208,C
300,0,1.0,male,61.0,0.0,0.0,33.5,S
301,0,1.0,male,47.0,0.0,0.0,34.0208,S
302,1,1.0,female,35.0,0.0,0.0,512.3292,C
303,0,1.0,male,64.0,1.0,0.0,75.25,C
304,1,1.0,female,60.0,1.0,0.0,75.25,C
305,0,1.0,male,60.0,0.0,0.0,26.55,S
306,0,1.0,male,54.0,0.0,1.0,77.2875,S
307,0,1.0,male,21.0,0.0,1.0,77.2875,S
308,1,1.0,female,55.0,0.0,0.0,135.6333,C
309,1,1.0,female,31.0,0.0,2.0,164.8667,S
310,0,1.0,male,57.0,1.0,1.0,164.8667,S
311,1,1.0,female,45.0,1.0,1.0,164.8667,S
312,0,1.0,male,50.0,1.0,1.0,211.5,C
313,0,1.0,male,27.0,0.0,2.0,211.5,C
314,1,1.0,female,50.0,1.0,1.0,211.5,C
315,1,1.0,female,21.0,0.0,0.0,26.55,S
316,0,1.0,male,51.0,0.0,1.0,61.3792,C
317,1,1.0,male,21.0,0.0,1.0,61.3792,C
318,0,1.0,male,29.0,0.0,0.0,35.0,S
319,1,1.0,female,31.0,0.0,0.0,134.5,C
320,1,1.0,male,29.0,0.0,0.0,35.5,S
321,0,1.0,male,62.0,0.0,0.0,26.55,S
322,1,1.0,female,36.0,0.0,0.0,135.6333,C
323,0,2.0,male,30.0,1.0,0.0,24.0,C
324,1,2.0,female,28.0,1.0,0.0,24.0,C
325,0,2.0,male,30.0,0.0,0.0,13.0,S
326,0,2.0,male,18.0,0.0,0.0,11.5,S
327,0,2.0,male,25.0,0.0,0.0,10.5,S
328,0,2.0,male,34.0,1.0,0.0,26.0,S
329,1,2.0,female,36.0,1.0,0.0,26.0,S
330,0,2.0,male,57.0,0.0,0.0,13.0,S
331,0,2.0,male,18.0,0.0,0.0,11.5,S
332,0,2.0,male,23.0,0.0,0.0,10.5,S
333,1,2.0,female,36.0,0.0,0.0,13.0,S
334,0,2.0,male,28.0,0.0,0.0,10.5,S
335,0,2.0,male,51.0,0.0,0.0,12.525,S
336,1,2.0,male,32.0,1.0,0.0,26.0,S
337,1,2.0,female,19.0,1.0,0.0,26.0,S
338,0,2.0,male,28.0,0.0,0.0,26.0,S
339,1,2.0,male,1.0,2.0,1.0,39.0,S
340,1,2.0,female,4.0,2.0,1.0,39.0,S
341,1,2.0,female,12.0,2.0,1.0,39.0,S
342,1,2.0,female,36.0,0.0,3.0,39.0,S
343,1,2.0,male,34.0,0.0,0.0,13.0,S
344,1,2.0,female,19.0,0.0,0.0,13.0,S
345,0,2.0,male,23.0,0.0,0.0,13.0,S
346,0,2.0,male,26.0,0.0,0.0,13.0,S
347,0,2.0,male,42.0,0.0,0.0,13.0,S
348,0,2.0,male,27.0,0.0,0.0,13.0,S
349,1,2.0,female,24.0,0.0,0.0,13.0,S
350,1,2.0,female,15.0,0.0,2.0,39.0,S
351,0,2.0,male,60.0,1.0,1.0,39.0,S
352,1,2.0,female,40.0,1.0,1.0,39.0,S
353,1,2.0,female,20.0,1.0,0.0,26.0,S
354,0,2.0,male,25.0,1.0,0.0,26.0,S
355,1,2.0,female,36.0,0.0,0.0,13.0,S
356,0,2.0,male,25.0,0.0,0.0,13.0,S
357,0,2.0,male,42.0,0.0,0.0,13.0,S
358,1,2.0,female,42.0,0.0,0.0,13.0,S
359,1,2.0,male,0.8333,0.0,2.0,29.0,S
360,1,2.0,male,26.0,1.0,1.0,29.0,S
361,1,2.0,female,22.0,1.0,1.0,29.0,S
362,1,2.0,female,35.0,0.0,0.0,21.0,S
363,0,2.0,male,29.0,0.0,0.0,13.0,S
364,0,2.0,male,19.0,0.0,0.0,13.0,S
365,0,2.0,female,44.0,1.0,0.0,26.0,S
366,0,2.0,male,54.0,1.0,0.0,26.0,S
367,0,2.0,male,52.0,0.0,0.0,13.5,S
368,0,2.0,male,37.0,1.0,0.0,26.0,S
369,0,2.0,female,29.0,1.0,0.0,26.0,S
370,1,2.0,female,25.0,1.0,1.0,30.0,S
371,1,2.0,female,45.0,0.0,2.0,30.0,S
372,0,2.0,male,29.0,1.0,0.0,26.0,S
373,1,2.0,female,28.0,1.0,0.0,26.0,S
374,0,2.0,male,29.0,0.0,0.0,10.5,S
375,0,2.0,male,28.0,0.0,0.0,13.0,S
376,1,2.0,male,24.0,0.0,0.0,10.5,S
377,1,2.0,female,8.0,0.0,2.0,26.25,S
378,0,2.0,male,31.0,1.0,1.0,26.25,S
379,1,2.0,female,31.0,1.0,1.0,26.25,S
380,1,2.0,female,22.0,0.0,0.0,10.5,S
381,0,2.0,female,30.0,0.0,0.0,13.0,S
382,0,2.0,female,35.5,0.0,0.0,21.0,S
383,0,2.0,male,21.0,0.0,0.0,11.5,S
384,0,2.0,male,29.0,0.0,0.0,13.0,S
385,1,2.0,male,8.0,1.0,1.0,36.75,S
386,0,2.0,male,18.0,0.0,0.0,73.5,S
387,1,2.0,female,48.0,0.0,2.0,36.75,S
388,1,2.0,female,28.0,0.0,0.0,13.0,S
389,0,2.0,male,32.0,0.0,0.0,13.0,S
390,0,2.0,male,17.0,0.0,0.0,73.5,S
391,0,2.0,male,29.0,1.0,0.0,27.7208,C
392,1,2.0,female,24.0,1.0,0.0,27.7208,C
393,0,2.0,male,25.0,0.0,0.0,31.5,S
394,0,2.0,male,18.0,0.0,0.0,73.5,S
395,1,2.0,female,18.0,0.0,1.0,23.0,S
396,1,2.0,female,34.0,0.0,1.0,23.0,S
397,0,2.0,male,54.0,0.0,0.0,26.0,S
398,1,2.0,male,8.0,0.0,2.0,32.5,S
399,0,2.0,male,42.0,1.0,1.0,32.5,S
400,1,2.0,female,34.0,1.0,1.0,32.5,S
401,1,2.0,female,27.0,1.0,0.0,13.8583,C
402,1,2.0,female,30.0,1.0,0.0,13.8583,C
403,0,2.0,male,23.0,0.0,0.0,13.0,S
404,0,2.0,male,21.0,0.0,0.0,13.0,S
405,0,2.0,male,18.0,0.0,0.0,13.0,S
406,0,2.0,male,40.0,1.0,0.0,26.0,S
407,1,2.0,female,29.0,1.0,0.0,26.0,S
408,0,2.0,male,18.0,0.0,0.0,10.5,S
409,0,2.0,male,36.0,0.0,0.0,13.0,S
410,0,2.0,male,29.0,0.0,0.0,13.0,S
411,0,2.0,female,38.0,0.0,0.0,13.0,S
412,0,2.0,male,35.0,0.0,0.0,26.0,S
413,0,2.0,male,38.0,1.0,0.0,21.0,S
414,0,2.0,male,34.0,1.0,0.0,21.0,S
415,1,2.0,female,34.0,0.0,0.0,13.0,S
416,0,2.0,male,16.0,0.0,0.0,26.0,S
417,0,2.0,male,26.0,0.0,0.0,10.5,S
418,0,2.0,male,47.0,0.0,0.0,10.5,S
419,0,2.0,male,21.0,1.0,0.0,11.5,S
420,0,2.0,male,21.0,1.0,0.0,11.5,S
421,0,2.0,male,24.0,0.0,0.0,13.5,S
422,0,2.0,male,24.0,0.0,0.0,13.0,S
423,0,2.0,male,34.0,0.0,0.0,13.0,S
424,0,2.0,male,30.0,0.0,0.0,13.0,S
425,0,2.0,male,52.0,0.0,0.0,13.0,S
426,0,2.0,male,30.0,0.0,0.0,13.0,S
427,1,2.0,male,0.6667,1.0,1.0,14.5,S
428,1,2.0,female,24.0,0.0,2.0,14.5,S
429,0,2.0,male,44.0,0.0,0.0,13.0,S
430,1,2.0,female,6.0,0.0,1.0,33.0,S
431,0,2.0,male,28.0,0.0,1.0,33.0,S
432,1,2.0,male,62.0,0.0,0.0,10.5,S
433,0,2.0,male,30.0,0.0,0.0,10.5,S
434,1,2.0,female,7.0,0.0,2.0,26.25,S
435,0,2.0,male,43.0,1.0,1.0,26.25,S
436,1,2.0,female,45.0,1.0,1.0,26.25,S
437,1,2.0,female,24.0,1.0,2.0,65.0,S
438,1,2.0,female,24.0,1.0,2.0,65.0,S
439,0,2.0,male,49.0,1.0,2.0,65.0,S
440,1,2.0,female,48.0,1.0,2.0,65.0,S
441,1,2.0,female,55.0,0.0,0.0,16.0,S
442,0,2.0,male,24.0,2.0,0.0,73.5,S
443,0,2.0,male,32.0,2.0,0.0,73.5,S
444,0,2.0,male,21.0,2.0,0.0,73.5,S
445,0,2.0,female,18.0,1.0,1.0,13.0,S
446,1,2.0,female,20.0,2.0,1.0,23.0,S
447,0,2.0,male,23.0,2.0,1.0,11.5,S
448,0,2.0,male,36.0,0.0,0.0,13.0,S
449,1,2.0,female,54.0,1.0,3.0,23.0,S
450,0,2.0,male,50.0,0.0,0.0,13.0,S
451,0,2.0,male,44.0,1.0,0.0,26.0,S
452,1,2.0,female,29.0,1.0,0.0,26.0,S
453,0,2.0,male,21.0,0.0,0.0,73.5,S
454,1,2.0,male,42.0,0.0,0.0,13.0,S
455,0,2.0,male,63.0,1.0,0.0,26.0,S
456,0,2.0,female,60.0,1.0,0.0,26.0,S
457,0,2.0,male,33.0,0.0,0.0,12.275,S
458,1,2.0,female,17.0,0.0,0.0,10.5,S
459,0,2.0,male,42.0,1.0,0.0,27.0,S
460,1,2.0,female,24.0,2.0,1.0,27.0,S
461,0,2.0,male,47.0,0.0,0.0,15.0,S
462,0,2.0,male,24.0,2.0,0.0,31.5,S
463,0,2.0,male,22.0,2.0,0.0,31.5,S
464,0,2.0,male,32.0,0.0,0.0,10.5,S
465,1,2.0,female,23.0,0.0,0.0,13.7917,C
466,0,2.0,male,34.0,1.0,0.0,26.0,S
467,1,2.0,female,24.0,1.0,0.0,26.0,S
468,0,2.0,female,22.0,0.0,0.0,21.0,S
469,1,2.0,female,22.0,0.0,0.0,12.35,Q
470,0,2.0,male,35.0,0.0,0.0,12.35,Q
471,1,2.0,female,45.0,0.0,0.0,13.5,S
472,0,2.0,male,57.0,0.0,0.0,12.35,Q
473,0,2.0,male,29.0,0.0,0.0,13.0,S
474,0,2.0,male,31.0,0.0,0.0,10.5,S
475,0,2.0,female,26.0,1.0,1.0,26.0,S
476,0,2.0,male,30.0,1.0,1.0,26.0,S
477,0,2.0,male,29.0,0.0,0.0,10.7083,Q
478,1,2.0,female,1.0,1.0,2.0,41.5792,C
479,1,2.0,female,3.0,1.0,2.0,41.5792,C
480,0,2.0,male,25.0,1.0,2.0,41.5792,C
481,1,2.0,female,22.0,1.0,2.0,41.5792,C
482,1,2.0,female,17.0,0.0,0.0,12.0,C
483,1,2.0,female,22.0,0.0,0.0,33.0,S
484,1,2.0,female,34.0,0.0,0.0,10.5,S
485,0,2.0,male,36.0,0.0,0.0,12.875,C
486,0,2.0,male,24.0,0.0,0.0,10.5,S
487,0,2.0,male,61.0,0.0,0.0,12.35,Q
488,0,2.0,male,50.0,1.0,0.0,26.0,S
489,1,2.0,female,42.0,1.0,0.0,26.0,S
490,0,2.0,female,57.0,0.0,0.0,10.5,S
491,0,2.0,male,29.0,0.0,0.0,15.0458,C
492,1,2.0,male,1.0,0.0,2.0,37.0042,C
493,0,2.0,male,31.0,1.0,1.0,37.0042,C
494,1,2.0,female,24.0,1.0,1.0,37.0042,C
495,0,2.0,male,29.0,0.0,0.0,15.5792,C
496,0,2.0,male,30.0,0.0,0.0,13.0,S
497,0,2.0,male,40.0,0.0,0.0,16.0,S
498,0,2.0,male,32.0,0.0,0.0,13.5,S
499,0,2.0,male,30.0,0.0,0.0,13.0,S
500,0,2.0,male,46.0,0.0,0.0,26.0,S
501,1,2.0,female,13.0,0.0,1.0,19.5,S
502,1,2.0,female,41.0,0.0,1.0,19.5,S
503,1,2.0,male,19.0,0.0,0.0,10.5,S
504,0,2.0,male,39.0,0.0,0.0,13.0,S
505,0,2.0,male,48.0,0.0,0.0,13.0,S
506,0,2.0,male,70.0,0.0,0.0,10.5,S
507,0,2.0,male,27.0,0.0,0.0,13.0,S
508,0,2.0,male,54.0,0.0,0.0,14.0,S
509,0,2.0,male,39.0,0.0,0.0,26.0,S
510,0,2.0,male,16.0,0.0,0.0,10.5,S
511,0,2.0,male,62.0,0.0,0.0,9.6875,Q
512,0,2.0,male,32.5,1.0,0.0,30.0708,C
513,1,2.0,female,14.0,1.0,0.0,30.0708,C
514,1,2.0,male,2.0,1.0,1.0,26.0,S
515,1,2.0,male,3.0,1.0,1.0,26.0,S
516,0,2.0,male,36.5,0.0,2.0,26.0,S
517,0,2.0,male,26.0,0.0,0.0,13.0,S
518,0,2.0,male,19.0,1.0,1.0,36.75,S
519,0,2.0,male,28.0,0.0,0.0,13.5,S
520,1,2.0,male,20.0,0.0,0.0,13.8625,C
521,1,2.0,female,29.0,0.0,0.0,10.5,S
522,0,2.0,male,39.0,0.0,0.0,13.0,S
523,1,2.0,male,22.0,0.0,0.0,10.5,S
524,1,2.0,male,29.0,0.0,0.0,13.8625,C
525,0,2.0,male,23.0,0.0,0.0,10.5,S
526,1,2.0,male,29.0,0.0,0.0,13.8583,C
527,0,2.0,male,28.0,0.0,0.0,10.5,S
528,0,2.0,male,29.0,0.0,0.0,13.0,S
529,1,2.0,female,50.0,0.0,1.0,26.0,S
530,0,2.0,male,19.0,0.0,0.0,10.5,S
531,0,2.0,male,29.0,0.0,0.0,15.05,C
532,0,2.0,male,41.0,0.0,0.0,13.0,S
533,1,2.0,female,21.0,0.0,1.0,21.0,S
534,1,2.0,female,19.0,0.0,0.0,26.0,S
535,0,2.0,male,43.0,0.0,1.0,21.0,S
536,1,2.0,female,32.0,0.0,0.0,13.0,S
537,0,2.0,male,34.0,0.0,0.0,13.0,S
538,1,2.0,male,30.0,0.0,0.0,12.7375,C
539,0,2.0,male,27.0,0.0,0.0,15.0333,C
540,1,2.0,female,2.0,1.0,1.0,26.0,S
541,1,2.0,female,8.0,1.0,1.0,26.0,S
542,1,2.0,female,33.0,0.0,2.0,26.0,S
543,0,2.0,male,36.0,0.0,0.0,10.5,S
544,0,2.0,male,34.0,1.0,0.0,21.0,S
545,1,2.0,female,30.0,3.0,0.0,21.0,S
546,1,2.0,female,28.0,0.0,0.0,13.0,S
547,0,2.0,male,23.0,0.0,0.0,15.0458,C
548,1,2.0,male,0.8333,1.0,1.0,18.75,S
549,1,2.0,male,3.0,1.0,1.0,18.75,S
550,1,2.0,female,24.0,2.0,3.0,18.75,S
551,1,2.0,female,50.0,0.0,0.0,10.5,S
552,0,2.0,male,19.0,0.0,0.0,10.5,S
553,1,2.0,female,21.0,0.0,0.0,10.5,S
554,0,2.0,male,26.0,0.0,0.0,13.0,S
555,0,2.0,male,25.0,0.0,0.0,13.0,S
556,0,2.0,male,27.0,0.0,0.0,26.0,S
557,1,2.0,female,25.0,0.0,1.0,26.0,S
558,1,2.0,female,18.0,0.0,2.0,13.0,S
559,1,2.0,female,20.0,0.0,0.0,36.75,S
560,1,2.0,female,30.0,0.0,0.0,13.0,S
561,0,2.0,male,59.0,0.0,0.0,13.5,S
562,1,2.0,female,30.0,0.0,0.0,12.35,Q
563,0,2.0,male,35.0,0.0,0.0,10.5,S
564,1,2.0,female,40.0,0.0,0.0,13.0,S
565,0,2.0,male,25.0,0.0,0.0,13.0,S
566,0,2.0,male,41.0,0.0,0.0,15.0458,C
567,0,2.0,male,25.0,0.0,0.0,10.5,S
568,0,2.0,male,18.5,0.0,0.0,13.0,S
569,0,2.0,male,14.0,0.0,0.0,65.0,S
570,1,2.0,female,50.0,0.0,0.0,10.5,S
571,0,2.0,male,23.0,0.0,0.0,13.0,S
572,1,2.0,female,28.0,0.0,0.0,12.65,S
573,1,2.0,female,27.0,0.0,0.0,10.5,S
574,0,2.0,male,29.0,1.0,0.0,21.0,S
575,0,2.0,female,27.0,1.0,0.0,21.0,S
576,0,2.0,male,40.0,0.0,0.0,13.0,S
577,1,2.0,female,31.0,0.0,0.0,21.0,S
578,0,2.0,male,30.0,1.0,0.0,21.0,S
579,0,2.0,male,23.0,1.0,0.0,10.5,S
580,1,2.0,female,31.0,0.0,0.0,21.0,S
581,0,2.0,male,29.0,0.0,0.0,13.0,S
582,1,2.0,female,12.0,0.0,0.0,15.75,S
583,1,2.0,female,40.0,0.0,0.0,15.75,S
584,1,2.0,female,32.5,0.0,0.0,13.0,S
585,0,2.0,male,27.0,1.0,0.0,26.0,S
586,1,2.0,female,29.0,1.0,0.0,26.0,S
587,1,2.0,male,2.0,1.0,1.0,23.0,S
588,1,2.0,female,4.0,1.0,1.0,23.0,S
589,1,2.0,female,29.0,0.0,2.0,23.0,S
590,1,2.0,female,0.9167,1.0,2.0,27.75,S
591,1,2.0,female,5.0,1.0,2.0,27.75,S
592,0,2.0,male,36.0,1.0,2.0,27.75,S
593,1,2.0,female,33.0,1.0,2.0,27.75,S
594,0,2.0,male,66.0,0.0,0.0,10.5,S
595,0,2.0,male,29.0,0.0,0.0,12.875,S
596,1,2.0,male,31.0,0.0,0.0,13.0,S
597,1,2.0,male,29.0,0.0,0.0,13.0,S
598,1,2.0,female,26.0,0.0,0.0,13.5,S
599,0,2.0,female,24.0,0.0,0.0,13.0,S
600,0,3.0,male,42.0,0.0,0.0,7.55,S
601,0,3.0,male,13.0,0.0,2.0,20.25,S
602,0,3.0,male,16.0,1.0,1.0,20.25,S
603,1,3.0,female,35.0,1.0,1.0,20.25,S
604,1,3.0,female,16.0,0.0,0.0,7.65,S
605,1,3.0,male,25.0,0.0,0.0,7.65,S
606,1,3.0,male,20.0,0.0,0.0,7.925,S
607,1,3.0,female,18.0,0.0,0.0,7.2292,C
608,0,3.0,male,30.0,0.0,0.0,7.25,S
609,0,3.0,male,26.0,0.0,0.0,8.05,S
610,0,3.0,female,40.0,1.0,0.0,9.475,S
611,1,3.0,male,0.8333,0.0,1.0,9.35,S
612,1,3.0,female,18.0,0.0,1.0,9.35,S
613,1,3.0,male,26.0,0.0,0.0,18.7875,C
614,0,3.0,male,26.0,0.0,0.0,7.8875,S
615,0,3.0,male,20.0,0.0,0.0,7.925,S
616,0,3.0,male,24.0,0.0,0.0,7.05,S
617,0,3.0,male,25.0,0.0,0.0,7.05,S
618,0,3.0,male,35.0,0.0,0.0,8.05,S
619,0,3.0,male,18.0,0.0,0.0,8.3,S
620,0,3.0,male,32.0,0.0,0.0,22.525,S
621,1,3.0,female,19.0,1.0,0.0,7.8542,S
622,0,3.0,male,4.0,4.0,2.0,31.275,S
623,0,3.0,female,6.0,4.0,2.0,31.275,S
624,0,3.0,female,2.0,4.0,2.0,31.275,S
625,1,3.0,female,17.0,4.0,2.0,7.925,S
626,0,3.0,female,38.0,4.0,2.0,7.775,S
627,0,3.0,female,9.0,4.0,2.0,31.275,S
628,0,3.0,female,11.0,4.0,2.0,31.275,S
629,0,3.0,male,39.0,1.0,5.0,31.275,S
630,1,3.0,male,27.0,0.0,0.0,7.7958,S
631,0,3.0,male,26.0,0.0,0.0,7.775,S
632,0,3.0,female,39.0,1.0,5.0,31.275,S
633,0,3.0,male,20.0,0.0,0.0,7.8542,S
634,0,3.0,male,26.0,0.0,0.0,7.8958,S
635,0,3.0,male,25.0,1.0,0.0,17.8,S
636,0,3.0,female,18.0,1.0,0.0,17.8,S
637,0,3.0,male,24.0,0.0,0.0,7.775,S
638,0,3.0,male,35.0,0.0,0.0,7.05,S
639,0,3.0,male,5.0,4.0,2.0,31.3875,S
640,0,3.0,male,9.0,4.0,2.0,31.3875,S
641,1,3.0,male,3.0,4.0,2.0,31.3875,S
642,0,3.0,male,13.0,4.0,2.0,31.3875,S
643,1,3.0,female,5.0,4.0,2.0,31.3875,S
644,0,3.0,male,40.0,1.0,5.0,31.3875,S
645,1,3.0,male,23.0,0.0,0.0,7.7958,S
646,1,3.0,female,38.0,1.0,5.0,31.3875,S
647,1,3.0,female,45.0,0.0,0.0,7.225,C
648,0,3.0,male,21.0,0.0,0.0,7.225,C
649,0,3.0,male,23.0,0.0,0.0,7.05,S
650,0,3.0,female,17.0,0.0,0.0,14.4583,C
651,0,3.0,male,30.0,0.0,0.0,7.225,C
652,0,3.0,male,23.0,0.0,0.0,7.8542,S
653,1,3.0,female,13.0,0.0,0.0,7.2292,C
654,0,3.0,male,20.0,0.0,0.0,7.225,C
655,0,3.0,male,32.0,1.0,0.0,15.85,S
656,1,3.0,female,33.0,3.0,0.0,15.85,S
657,1,3.0,female,0.75,2.0,1.0,19.2583,C
658,1,3.0,female,0.75,2.0,1.0,19.2583,C
659,1,3.0,female,5.0,2.0,1.0,19.2583,C
660,1,3.0,female,24.0,0.0,3.0,19.2583,C
661,1,3.0,female,18.0,0.0,0.0,8.05,S
662,0,3.0,male,40.0,0.0,0.0,7.225,C
663,0,3.0,male,26.0,0.0,0.0,7.8958,S
664,1,3.0,male,20.0,0.0,0.0,7.2292,C
665,0,3.0,female,18.0,0.0,1.0,14.4542,C
666,0,3.0,female,45.0,0.0,1.0,14.4542,C
667,0,3.0,female,27.0,0.0,0.0,7.8792,Q
668,0,3.0,male,22.0,0.0,0.0,8.05,S
669,0,3.0,male,19.0,0.0,0.0,8.05,S
670,0,3.0,male,26.0,0.0,0.0,7.775,S
671,0,3.0,male,22.0,0.0,0.0,9.35,S
672,0,3.0,male,4.0,0.0,0.0,7.2292,C
673,0,3.0,male,20.0,0.0,0.0,4.0125,C
674,1,3.0,male,32.0,0.0,0.0,56.4958,S
675,0,3.0,male,21.0,0.0,0.0,7.775,S
676,0,3.0,male,18.0,0.0,0.0,7.75,S
677,0,3.0,male,26.0,0.0,0.0,7.8958,S
678,0,3.0,male,6.0,1.0,1.0,15.2458,C
679,0,3.0,female,9.0,1.0,1.0,15.2458,C
680,0,3.0,male,29.0,0.0,0.0,7.225,C
681,0,3.0,female,35.5,0.0,2.0,15.2458,C
682,0,3.0,female,22.0,0.0,2.0,7.75,Q
683,0,3.0,male,40.0,1.0,1.0,15.5,Q
684,0,3.0,female,32.0,1.0,1.0,15.5,Q
685,0,3.0,male,21.0,0.0,0.0,16.1,S
686,1,3.0,female,22.0,0.0,0.0,7.725,Q
687,0,3.0,female,20.0,0.0,0.0,7.8542,S
688,0,3.0,male,29.0,1.0,0.0,7.0458,S
689,0,3.0,male,22.0,1.0,0.0,7.25,S
690,0,3.0,male,22.0,0.0,0.0,7.7958,S
691,0,3.0,male,35.0,0.0,0.0,8.05,S
692,0,3.0,female,18.5,0.0,0.0,7.2833,Q
693,1,3.0,male,21.0,0.0,0.0,7.8208,Q
694,0,3.0,male,19.0,0.0,0.0,6.75,Q
695,0,3.0,female,18.0,0.0,0.0,7.8792,Q
696,0,3.0,female,21.0,0.0,0.0,8.6625,S
697,0,3.0,female,30.0,0.0,0.0,8.6625,S
698,0,3.0,male,18.0,0.0,0.0,8.6625,S
699,0,3.0,male,38.0,0.0,0.0,8.6625,S
700,0,3.0,male,17.0,0.0,0.0,8.6625,S
701,0,3.0,male,17.0,0.0,0.0,8.6625,S
702,0,3.0,female,21.0,0.0,0.0,7.75,Q
703,0,3.0,male,21.0,0.0,0.0,7.75,Q
704,0,3.0,male,21.0,0.0,0.0,8.05,S
705,0,3.0,male,29.0,1.0,0.0,14.4583,C
706,0,3.0,female,35.5,1.0,0.0,14.4583,C
707,0,3.0,male,28.0,0.0,0.0,7.7958,S
708,0,3.0,male,24.0,0.0,0.0,7.8542,S
709,1,3.0,female,16.0,0.0,0.0,7.75,Q
710,0,3.0,female,37.0,0.0,0.0,7.75,Q
711,0,3.0,male,28.0,0.0,0.0,7.25,S
712,0,3.0,male,24.0,0.0,0.0,8.05,S
713,0,3.0,male,21.0,0.0,0.0,7.7333,Q
714,1,3.0,male,32.0,0.0,0.0,56.4958,S
715,0,3.0,male,29.0,0.0,0.0,8.05,S
716,0,3.0,male,26.0,1.0,0.0,14.4542,C
717,0,3.0,male,18.0,1.0,0.0,14.4542,C
718,0,3.0,male,20.0,0.0,0.0,7.05,S
719,1,3.0,male,18.0,0.0,0.0,8.05,S
720,0,3.0,male,24.0,0.0,0.0,7.25,Q
721,0,3.0,male,36.0,0.0,0.0,7.4958,S
722,0,3.0,male,24.0,0.0,0.0,7.4958,S
723,0,3.0,male,31.0,0.0,0.0,7.7333,Q
724,0,3.0,male,31.0,0.0,0.0,7.75,Q
725,1,3.0,female,22.0,0.0,0.0,7.75,Q
726,0,3.0,female,30.0,0.0,0.0,7.6292,Q
727,0,3.0,male,70.5,0.0,0.0,7.75,Q
728,0,3.0,male,43.0,0.0,0.0,8.05,S
729,0,3.0,male,35.0,0.0,0.0,7.8958,S
730,0,3.0,male,27.0,0.0,0.0,7.8958,S
731,0,3.0,male,19.0,0.0,0.0,7.8958,S
732,0,3.0,male,30.0,0.0,0.0,8.05,S
733,1,3.0,male,9.0,1.0,1.0,15.9,S
734,1,3.0,male,3.0,1.0,1.0,15.9,S
735,1,3.0,female,36.0,0.0,2.0,15.9,S
736,0,3.0,male,59.0,0.0,0.0,7.25,S
737,0,3.0,male,19.0,0.0,0.0,8.1583,S
738,1,3.0,female,17.0,0.0,1.0,16.1,S
739,0,3.0,male,44.0,0.0,1.0,16.1,S
740,0,3.0,male,17.0,0.0,0.0,8.6625,S
741,0,3.0,male,22.5,0.0,0.0,7.225,C
742,1,3.0,male,45.0,0.0,0.0,8.05,S
743,0,3.0,female,22.0,0.0,0.0,10.5167,S
744,0,3.0,male,19.0,0.0,0.0,10.1708,S
745,1,3.0,female,30.0,0.0,0.0,6.95,Q
746,1,3.0,male,29.0,0.0,0.0,7.75,Q
747,0,3.0,male,0.3333,0.0,2.0,14.4,S
748,0,3.0,male,34.0,1.0,1.0,14.4,S
749,0,3.0,female,28.0,1.0,1.0,14.4,S
750,0,3.0,male,27.0,0.0,0.0,7.8958,S
751,0,3.0,male,25.0,0.0,0.0,7.8958,S
752,0,3.0,male,24.0,2.0,0.0,24.15,S
753,0,3.0,male,22.0,0.0,0.0,8.05,S
754,0,3.0,male,21.0,2.0,0.0,24.15,S
755,0,3.0,male,17.0,2.0,0.0,8.05,S
756,0,3.0,male,29.0,1.0,0.0,16.1,S
757,1,3.0,female,35.5,1.0,0.0,16.1,S
758,1,3.0,male,36.5,1.0,0.0,17.4,S
759,1,3.0,female,36.0,1.0,0.0,17.4,S
760,1,3.0,male,30.0,0.0,0.0,9.5,S
761,0,3.0,male,16.0,0.0,0.0,9.5,S
762,1,3.0,male,1.0,1.0,2.0,20.575,S
763,1,3.0,female,0.1667,1.0,2.0,20.575,S
764,0,3.0,male,26.0,1.0,2.0,20.575,S
765,1,3.0,female,33.0,1.0,2.0,20.575,S
766,0,3.0,male,25.0,0.0,0.0,7.8958,S
767,0,3.0,male,29.0,0.0,0.0,7.8958,S
768,0,3.0,male,29.0,0.0,0.0,7.8958,S
769,0,3.0,male,22.0,0.0,0.0,7.25,S
770,0,3.0,male,36.0,0.0,0.0,7.25,S
771,1,3.0,female,19.0,0.0,0.0,7.8792,Q
772,0,3.0,male,17.0,0.0,0.0,7.8958,S
773,0,3.0,male,42.0,0.0,0.0,8.6625,S
774,0,3.0,male,43.0,0.0,0.0,7.8958,S
775,0,3.0,male,29.0,0.0,0.0,7.2292,C
776,0,3.0,male,32.0,0.0,0.0,7.75,Q
777,1,3.0,male,19.0,0.0,0.0,8.05,S
778,1,3.0,female,30.0,0.0,0.0,12.475,S
779,0,3.0,female,24.0,0.0,0.0,7.75,Q
780,1,3.0,female,23.0,0.0,0.0,8.05,S
781,0,3.0,male,33.0,0.0,0.0,7.8958,C
782,0,3.0,male,65.0,0.0,0.0,7.75,Q
783,1,3.0,male,24.0,0.0,0.0,7.55,S
784,0,3.0,male,23.0,1.0,0.0,13.9,S
785,1,3.0,female,22.0,1.0,0.0,13.9,S
786,0,3.0,male,18.0,0.0,0.0,7.775,S
787,0,3.0,male,16.0,0.0,0.0,7.775,S
788,0,3.0,male,45.0,0.0,0.0,6.975,S
789,0,3.0,male,29.0,0.0,0.0,7.225,C
790,0,3.0,male,39.0,0.0,2.0,7.2292,C
791,0,3.0,male,17.0,1.0,1.0,7.2292,C
792,0,3.0,male,15.0,1.0,1.0,7.2292,C
793,0,3.0,male,47.0,0.0,0.0,7.25,S
794,1,3.0,female,5.0,0.0,0.0,12.475,S
795,0,3.0,male,29.0,0.0,0.0,7.225,C
796,0,3.0,male,40.5,0.0,0.0,15.1,S
797,0,3.0,male,40.5,0.0,0.0,7.75,Q
798,1,3.0,male,29.0,0.0,0.0,7.05,S
799,0,3.0,male,18.0,0.0,0.0,7.7958,S
800,0,3.0,female,22.0,0.0,0.0,7.75,Q
801,0,3.0,male,29.0,0.0,0.0,7.75,Q
802,0,3.0,male,29.0,0.0,0.0,6.95,Q
803,0,3.0,male,26.0,0.0,0.0,7.8792,Q
804,0,3.0,male,29.0,0.0,0.0,7.75,Q
805,1,3.0,male,29.0,0.0,0.0,56.4958,S
806,0,3.0,female,21.0,2.0,2.0,34.375,S
807,0,3.0,female,9.0,2.0,2.0,34.375,S
808,0,3.0,male,29.0,0.0,0.0,8.05,S
809,0,3.0,male,18.0,2.0,2.0,34.375,S
810,0,3.0,male,16.0,1.0,3.0,34.375,S
811,0,3.0,female,48.0,1.0,3.0,34.375,S
812,0,3.0,male,29.0,0.0,0.0,7.75,Q
813,0,3.0,male,29.0,0.0,0.0,7.25,S
814,0,3.0,male,25.0,0.0,0.0,7.7417,Q
815,0,3.0,male,29.0,0.0,0.0,14.5,S
816,0,3.0,male,29.0,0.0,0.0,7.8958,C
817,0,3.0,male,22.0,0.0,0.0,8.05,S
818,1,3.0,female,16.0,0.0,0.0,7.7333,Q
819,1,3.0,female,22.0,0.0,0.0,7.75,Q
820,1,3.0,male,9.0,0.0,2.0,20.525,S
821,0,3.0,male,33.0,1.0,1.0,20.525,S
822,0,3.0,male,41.0,0.0,0.0,7.85,S
823,1,3.0,female,31.0,1.0,1.0,20.525,S
824,0,3.0,male,38.0,0.0,0.0,7.05,S
825,0,3.0,male,9.0,5.0,2.0,46.9,S
826,0,3.0,male,1.0,5.0,2.0,46.9,S
827,0,3.0,male,11.0,5.0,2.0,46.9,S
828,0,3.0,female,10.0,5.0,2.0,46.9,S
829,0,3.0,female,16.0,5.0,2.0,46.9,S
830,0,3.0,male,14.0,5.0,2.0,46.9,S
831,0,3.0,male,40.0,1.0,6.0,46.9,S
832,0,3.0,female,43.0,1.0,6.0,46.9,S
833,0,3.0,male,51.0,0.0,0.0,8.05,S
834,0,3.0,male,32.0,0.0,0.0,8.3625,S
835,0,3.0,male,29.0,0.0,0.0,8.05,S
836,0,3.0,male,20.0,0.0,0.0,9.8458,S
837,0,3.0,male,37.0,2.0,0.0,7.925,S
838,0,3.0,male,28.0,2.0,0.0,7.925,S
839,0,3.0,male,19.0,0.0,0.0,7.775,S
840,0,3.0,female,24.0,0.0,0.0,8.85,S
841,0,3.0,female,17.0,0.0,0.0,7.7333,Q
842,0,3.0,male,29.0,1.0,0.0,19.9667,S
843,0,3.0,male,29.0,1.0,0.0,19.9667,S
844,0,3.0,male,28.0,1.0,0.0,15.85,S
845,1,3.0,female,24.0,1.0,0.0,15.85,S
846,0,3.0,male,20.0,0.0,0.0,9.5,S
847,0,3.0,male,23.5,0.0,0.0,7.2292,C
848,0,3.0,male,41.0,2.0,0.0,14.1083,S
849,0,3.0,male,26.0,1.0,0.0,7.8542,S
850,0,3.0,male,21.0,0.0,0.0,7.8542,S
851,1,3.0,female,45.0,1.0,0.0,14.1083,S
852,0,3.0,female,22.0,0.0,0.0,7.55,S
853,0,3.0,male,25.0,0.0,0.0,7.25,S
854,0,3.0,male,29.0,0.0,0.0,6.8583,Q
855,0,3.0,male,11.0,0.0,0.0,18.7875,C
856,1,3.0,female,22.0,0.0,0.0,7.75,Q
857,1,3.0,male,27.0,0.0,0.0,6.975,S
858,1,3.0,male,29.0,0.0,0.0,56.4958,S
859,0,3.0,female,18.0,0.0,0.0,6.75,Q
860,1,3.0,female,26.0,0.0,0.0,7.925,S
861,0,3.0,female,23.0,0.0,0.0,7.925,S
862,1,3.0,female,22.0,0.0,0.0,8.9625,S
863,0,3.0,male,28.0,0.0,0.0,7.8958,S
864,0,3.0,female,28.0,0.0,0.0,7.775,S
865,0,3.0,female,22.0,0.0,0.0,7.75,Q
866,1,3.0,female,2.0,0.0,1.0,12.2875,S
867,1,3.0,female,22.0,1.0,1.0,12.2875,S
868,0,3.0,male,43.0,0.0,0.0,6.45,S
869,0,3.0,male,28.0,0.0,0.0,22.525,S
870,1,3.0,female,27.0,0.0,0.0,7.925,S
871,0,3.0,male,29.0,0.0,0.0,7.75,Q
872,1,3.0,female,22.0,0.0,0.0,8.05,S
873,0,3.0,male,42.0,0.0,0.0,7.65,S
874,1,3.0,male,29.0,0.0,0.0,7.8875,S
875,0,3.0,male,30.0,0.0,0.0,7.2292,C
876,0,3.0,male,29.0,0.0,0.0,7.8958,S
877,0,3.0,female,27.0,1.0,0.0,7.925,S
878,0,3.0,female,25.0,1.0,0.0,7.925,S
879,0,3.0,male,29.0,0.0,0.0,7.8958,S
880,1,3.0,male,29.0,0.0,0.0,7.8958,C
881,1,3.0,male,21.0,0.0,0.0,7.7958,S
882,0,3.0,male,29.0,0.0,0.0,7.05,S
883,0,3.0,male,20.0,0.0,0.0,7.8542,S
884,0,3.0,male,48.0,0.0,0.0,7.8542,S
885,0,3.0,male,17.0,1.0,0.0,7.0542,S
886,1,3.0,female,22.0,0.0,0.0,7.75,Q
887,1,3.0,male,29.0,0.0,0.0,8.1125,S
888,0,3.0,male,34.0,0.0,0.0,6.4958,S
889,1,3.0,male,26.0,0.0,0.0,7.775,S
890,0,3.0,male,22.0,0.0,0.0,7.7958,S
891,0,3.0,male,33.0,0.0,0.0,8.6542,S
892,0,3.0,male,31.0,0.0,0.0,7.775,S
893,0,3.0,male,29.0,0.0,0.0,7.8542,S
894,1,3.0,male,4.0,1.0,1.0,11.1333,S
895,1,3.0,female,1.0,1.0,1.0,11.1333,S
896,0,3.0,male,49.0,0.0,0.0,7.8958,S
897,0,3.0,male,33.0,0.0,0.0,7.775,S
898,0,3.0,male,19.0,0.0,0.0,7.8958,S
899,1,3.0,female,27.0,0.0,2.0,11.1333,S
900,0,3.0,male,4.0,1.0,2.0,23.45,S
901,0,3.0,female,22.0,1.0,2.0,23.45,S
902,0,3.0,male,29.0,1.0,2.0,23.45,S
903,0,3.0,female,35.5,1.0,2.0,23.45,S
904,0,3.0,male,23.0,0.0,0.0,7.8958,S
905,1,3.0,male,32.0,0.0,0.0,7.8542,S
906,0,3.0,male,27.0,0.0,0.0,7.8542,S
907,0,3.0,female,20.0,1.0,0.0,9.825,S
908,0,3.0,female,21.0,1.0,0.0,9.825,S
909,1,3.0,male,32.0,0.0,0.0,7.925,S
910,0,3.0,male,17.0,0.0,0.0,7.125,S
911,0,3.0,male,21.0,0.0,0.0,8.4333,S
912,0,3.0,male,30.0,0.0,0.0,7.8958,S
913,1,3.0,male,21.0,0.0,0.0,7.7958,S
914,0,3.0,male,33.0,0.0,0.0,7.8542,S
915,0,3.0,male,22.0,0.0,0.0,7.5208,S
916,1,3.0,female,4.0,0.0,1.0,13.4167,C
917,1,3.0,male,39.0,0.0,1.0,13.4167,C
918,0,3.0,male,29.0,0.0,0.0,7.2292,C
919,0,3.0,male,18.5,0.0,0.0,7.2292,C
920,0,3.0,male,29.0,0.0,0.0,7.75,Q
921,0,3.0,male,29.0,0.0,0.0,7.25,S
922,1,3.0,female,22.0,0.0,0.0,7.75,Q
923,1,3.0,female,22.0,0.0,0.0,7.75,Q
924,0,3.0,male,34.5,0.0,0.0,7.8292,Q
925,0,3.0,male,44.0,0.0,0.0,8.05,S
926,1,3.0,male,29.0,0.0,0.0,7.75,Q
927,0,3.0,male,29.0,1.0,0.0,14.4542,C
928,0,3.0,female,35.5,1.0,0.0,14.4542,C
929,0,3.0,male,29.0,1.0,0.0,7.75,Q
930,0,3.0,male,29.0,1.0,0.0,7.75,Q
931,0,3.0,male,29.0,0.0,0.0,7.7375,Q
932,0,3.0,female,22.0,2.0,0.0,8.6625,S
933,0,3.0,male,26.0,2.0,0.0,8.6625,S
934,1,3.0,female,4.0,0.0,2.0,22.025,S
935,1,3.0,male,29.0,3.0,1.0,22.025,S
936,1,3.0,female,26.0,1.0,1.0,22.025,S
937,0,3.0,female,1.0,1.0,1.0,12.1833,S
938,0,3.0,male,18.0,1.0,1.0,7.8542,S
939,0,3.0,female,36.0,0.0,2.0,12.1833,S
940,0,3.0,male,29.0,0.0,0.0,7.8958,C
941,1,3.0,male,25.0,0.0,0.0,7.2292,C
942,0,3.0,male,29.0,0.0,0.0,7.225,C
943,0,3.0,female,37.0,0.0,0.0,9.5875,S
944,0,3.0,male,29.0,0.0,0.0,7.8958,S
945,1,3.0,male,29.0,0.0,0.0,56.4958,S
946,0,3.0,male,29.0,0.0,0.0,56.4958,S
947,1,3.0,female,22.0,0.0,0.0,7.25,S
948,0,3.0,male,29.0,0.0,0.0,7.75,Q
949,1,3.0,male,26.0,0.0,0.0,56.4958,S
950,0,3.0,male,29.0,0.0,0.0,9.4833,S
951,0,3.0,male,29.0,0.0,0.0,7.775,S
952,0,3.0,male,22.0,0.0,0.0,7.775,S
953,1,3.0,male,22.0,0.0,0.0,7.225,C
954,0,3.0,male,4.0,3.0,1.0,25.4667,S
955,0,3.0,female,22.0,3.0,1.0,25.4667,S
956,0,3.0,female,22.0,3.0,1.0,25.4667,S
957,0,3.0,female,22.0,3.0,1.0,25.4667,S
958,0,3.0,female,35.5,0.0,4.0,25.4667,S
959,0,3.0,male,32.0,0.0,0.0,7.925,S
960,0,3.0,male,34.5,0.0,0.0,6.4375,C
961,0,3.0,female,22.0,1.0,0.0,15.5,Q
962,0,3.0,male,29.0,1.0,0.0,15.5,Q
963,0,3.0,male,36.0,0.0,0.0,7.8958,S
964,0,3.0,male,39.0,0.0,0.0,24.15,S
965,0,3.0,male,24.0,0.0,0.0,9.5,S
966,0,3.0,female,25.0,0.0,0.0,7.775,S
967,0,3.0,female,45.0,0.0,0.0,7.75,S
968,0,3.0,male,36.0,1.0,0.0,15.55,S
969,0,3.0,female,30.0,1.0,0.0,15.55,S
970,1,3.0,male,20.0,1.0,0.0,7.925,S
971,0,3.0,male,29.0,0.0,0.0,7.8792,Q
972,0,3.0,male,28.0,0.0,0.0,56.4958,S
973,0,3.0,male,29.0,0.0,0.0,7.55,S
974,0,3.0,male,30.0,1.0,0.0,16.1,S
975,0,3.0,female,26.0,1.0,0.0,16.1,S
976,0,3.0,male,29.0,0.0,0.0,7.8792,S
977,0,3.0,male,20.5,0.0,0.0,7.25,S
978,1,3.0,male,27.0,0.0,0.0,8.6625,S
979,0,3.0,male,51.0,0.0,0.0,7.0542,S
980,1,3.0,female,23.0,0.0,0.0,7.8542,S
981,1,3.0,male,32.0,0.0,0.0,7.5792,S
982,0,3.0,male,29.0,0.0,0.0,7.8958,S
983,0,3.0,male,29.0,0.0,0.0,7.55,S
984,1,3.0,female,22.0,0.0,0.0,7.75,Q
985,1,3.0,male,24.0,0.0,0.0,7.1417,S
986,0,3.0,male,22.0,0.0,0.0,7.125,S
987,0,3.0,female,22.0,0.0,0.0,7.8792,Q
988,0,3.0,male,29.0,0.0,0.0,7.75,Q
989,0,3.0,male,29.0,0.0,0.0,8.05,S
990,0,3.0,male,29.0,0.0,0.0,7.925,S
991,1,3.0,male,29.0,0.0,0.0,7.2292,C
992,0,3.0,female,30.5,0.0,0.0,7.75,Q
993,1,3.0,female,22.0,0.0,0.0,7.7375,Q
994,0,3.0,male,29.0,0.0,0.0,7.2292,C
995,0,3.0,male,35.0,0.0,0.0,7.8958,C
996,0,3.0,male,33.0,0.0,0.0,7.8958,S
997,1,3.0,female,35.5,0.0,0.0,7.225,C
998,0,3.0,male,29.0,0.0,0.0,7.8958,C
999,1,3.0,female,22.0,0.0,0.0,7.75,Q
1000,1,3.0,male,29.0,0.0,0.0,7.75,Q
1001,1,3.0,female,22.0,2.0,0.0,23.25,Q
1002,1,3.0,female,22.0,2.0,0.0,23.25,Q
1003,1,3.0,male,29.0,2.0,0.0,23.25,Q
1004,1,3.0,female,22.0,0.0,0.0,7.7875,Q
1005,0,3.0,male,29.0,0.0,0.0,15.5,Q
1006,1,3.0,female,22.0,0.0,0.0,7.8792,Q
1007,1,3.0,female,15.0,0.0,0.0,8.0292,Q
1008,0,3.0,female,35.0,0.0,0.0,7.75,Q
1009,0,3.0,male,29.0,0.0,0.0,7.75,Q
1010,0,3.0,male,24.0,1.0,0.0,16.1,S
1011,0,3.0,female,19.0,1.0,0.0,16.1,S
1012,0,3.0,female,22.0,0.0,0.0,7.75,Q
1013,0,3.0,female,22.0,0.0,0.0,8.05,S
1014,0,3.0,female,35.5,0.0,0.0,8.05,S
1015,0,3.0,male,55.5,0.0,0.0,8.05,S
1016,0,3.0,male,29.0,0.0,0.0,7.75,Q
1017,1,3.0,male,21.0,0.0,0.0,7.775,S
1018,0,3.0,male,29.0,0.0,0.0,8.05,S
1019,0,3.0,male,24.0,0.0,0.0,7.8958,S
1020,0,3.0,male,21.0,0.0,0.0,7.8958,S
1021,0,3.0,male,28.0,0.0,0.0,7.8958,S
1022,0,3.0,male,29.0,0.0,0.0,7.8958,S
1023,1,3.0,female,22.0,0.0,0.0,7.8792,Q
1024,0,3.0,male,25.0,0.0,0.0,7.65,S
1025,1,3.0,male,6.0,0.0,1.0,12.475,S
1026,1,3.0,female,27.0,0.0,1.0,12.475,S
1027,0,3.0,male,29.0,0.0,0.0,8.05,S
1028,1,3.0,female,22.0,1.0,0.0,24.15,Q
1029,0,3.0,male,29.0,1.0,0.0,24.15,Q
1030,0,3.0,male,29.0,0.0,0.0,8.4583,Q
1031,0,3.0,male,34.0,0.0,0.0,8.05,S
1032,0,3.0,male,29.0,0.0,0.0,7.75,Q
1033,1,3.0,male,29.0,0.0,0.0,7.775,S
1034,1,3.0,male,4.0,1.0,1.0,15.2458,C
1035,1,3.0,male,4.0,1.0,1.0,15.2458,C
1036,1,3.0,female,35.5,0.0,2.0,15.2458,C
1037,1,3.0,female,35.5,0.0,0.0,7.2292,C
1038,0,3.0,male,29.0,0.0,0.0,8.05,S
1039,1,3.0,female,22.0,0.0,0.0,7.7333,Q
1040,1,3.0,female,24.0,0.0,0.0,7.75,Q
1041,0,3.0,male,29.0,0.0,0.0,8.05,S
1042,1,3.0,female,22.0,1.0,0.0,15.5,Q
1043,1,3.0,female,22.0,1.0,0.0,15.5,Q
1044,1,3.0,female,22.0,0.0,0.0,15.5,Q
1045,0,3.0,male,18.0,0.0,0.0,7.75,S
1046,0,3.0,male,22.0,0.0,0.0,7.8958,S
1047,1,3.0,female,15.0,0.0,0.0,7.225,C
1048,1,3.0,female,1.0,0.0,2.0,15.7417,C
1049,1,3.0,male,20.0,1.0,1.0,15.7417,C
1050,1,3.0,female,19.0,1.0,1.0,15.7417,C
1051,0,3.0,male,33.0,0.0,0.0,8.05,S
1052,0,3.0,male,29.0,0.0,0.0,7.8958,S
1053,0,3.0,male,29.0,0.0,0.0,7.2292,C
1054,0,3.0,female,22.0,0.0,0.0,7.75,Q
1055,0,3.0,male,29.0,0.0,0.0,7.8958,S
1056,1,3.0,male,12.0,1.0,0.0,11.2417,C
1057,1,3.0,female,14.0,1.0,0.0,11.2417,C
1058,0,3.0,female,29.0,0.0,0.0,7.925,S
1059,0,3.0,male,28.0,0.0,0.0,8.05,S
1060,1,3.0,female,18.0,0.0,0.0,7.775,S
1061,1,3.0,female,26.0,0.0,0.0,7.8542,S
1062,0,3.0,male,21.0,0.0,0.0,7.8542,S
1063,0,3.0,male,41.0,0.0,0.0,7.125,S
1064,1,3.0,male,39.0,0.0,0.0,7.925,S
1065,0,3.0,male,21.0,0.0,0.0,7.8,S
1066,0,3.0,male,28.5,0.0,0.0,7.2292,C
1067,1,3.0,female,22.0,0.0,0.0,7.75,S
1068,0,3.0,male,61.0,0.0,0.0,6.2375,S
1069,0,3.0,male,29.0,1.0,0.0,15.5,Q
1070,0,3.0,male,29.0,0.0,0.0,7.8292,Q
1071,1,3.0,female,35.5,1.0,0.0,15.5,Q
1072,0,3.0,male,29.0,0.0,0.0,7.7333,Q
1073,0,3.0,male,29.0,0.0,0.0,7.75,Q
1074,0,3.0,male,29.0,0.0,0.0,7.75,Q
1075,0,3.0,male,23.0,0.0,0.0,9.225,S
1077,1,3.0,female,22.0,0.0,0.0,7.75,Q
1078,1,3.0,female,22.0,0.0,0.0,7.8792,Q
1079,1,3.0,female,22.0,0.0,0.0,7.775,S
1080,1,3.0,male,29.0,0.0,0.0,7.75,Q
1081,1,3.0,female,22.0,0.0,0.0,7.8292,Q
1082,1,3.0,male,9.0,0.0,1.0,3.1708,S
1083,0,3.0,male,28.0,0.0,0.0,22.525,S
1084,0,3.0,male,42.0,0.0,1.0,8.4042,S
1085,0,3.0,male,29.0,0.0,0.0,7.3125,S
1086,0,3.0,female,31.0,0.0,0.0,7.8542,S
1087,0,3.0,male,28.0,0.0,0.0,7.8542,S
1088,1,3.0,male,32.0,0.0,0.0,7.775,S
1089,0,3.0,male,20.0,0.0,0.0,9.225,S
1090,0,3.0,female,23.0,0.0,0.0,8.6625,S
1091,0,3.0,female,20.0,0.0,0.0,8.6625,S
1092,0,3.0,male,20.0,0.0,0.0,8.6625,S
1093,0,3.0,male,16.0,0.0,0.0,9.2167,S
1094,1,3.0,female,31.0,0.0,0.0,8.6833,S
1095,0,3.0,female,22.0,0.0,0.0,7.6292,Q
1096,0,3.0,male,2.0,3.0,1.0,21.075,S
1097,0,3.0,male,6.0,3.0,1.0,21.075,S
1098,0,3.0,female,3.0,3.0,1.0,21.075,S
1099,0,3.0,female,8.0,3.0,1.0,21.075,S
1100,0,3.0,female,29.0,0.0,4.0,21.075,S
1101,0,3.0,male,1.0,4.0,1.0,39.6875,S
1102,0,3.0,male,7.0,4.0,1.0,39.6875,S
1103,0,3.0,male,2.0,4.0,1.0,39.6875,S
1104,0,3.0,male,16.0,4.0,1.0,39.6875,S
1105,0,3.0,male,14.0,4.0,1.0,39.6875,S
1106,0,3.0,female,41.0,0.0,5.0,39.6875,S
1107,0,3.0,male,21.0,0.0,0.0,8.6625,S
1108,0,3.0,male,19.0,0.0,0.0,14.5,S
1109,0,3.0,male,29.0,0.0,0.0,8.7125,C
1110,0,3.0,male,32.0,0.0,0.0,7.8958,S
1111,0,3.0,male,0.75,1.0,1.0,13.775,S
1112,0,3.0,female,3.0,1.0,1.0,13.775,S
1113,0,3.0,female,26.0,0.0,2.0,13.775,S
1114,0,3.0,male,29.0,0.0,0.0,7.0,S
1115,0,3.0,male,29.0,0.0,0.0,7.775,S
1116,0,3.0,male,29.0,0.0,0.0,8.05,S
1117,0,3.0,male,21.0,0.0,0.0,7.925,S
1118,0,3.0,male,25.0,0.0,0.0,7.925,S
1119,0,3.0,male,22.0,0.0,0.0,7.25,S
1120,1,3.0,male,25.0,1.0,0.0,7.775,S
1121,1,3.0,male,4.0,1.0,1.0,22.3583,C
1122,1,3.0,female,22.0,1.0,1.0,22.3583,C
1123,1,3.0,female,35.5,0.0,2.0,22.3583,C
1124,0,3.0,female,22.0,0.0,0.0,8.1375,Q
1125,0,3.0,male,24.0,0.0,0.0,8.05,S
1126,0,3.0,female,28.0,0.0,0.0,7.8958,S
1127,0,3.0,male,19.0,0.0,0.0,7.8958,S
1128,0,3.0,male,29.0,0.0,0.0,7.8958,S
1129,0,3.0,male,25.0,1.0,0.0,7.775,S
1130,0,3.0,female,18.0,0.0,0.0,7.775,S
1131,1,3.0,male,32.0,0.0,0.0,8.05,S
1132,0,3.0,male,29.0,0.0,0.0,7.8958,S
1133,0,3.0,male,17.0,0.0,0.0,8.6625,S
1134,0,3.0,male,24.0,0.0,0.0,8.6625,S
1135,0,3.0,male,29.0,0.0,0.0,7.8958,S
1136,0,3.0,female,35.5,0.0,0.0,8.1125,S
1137,0,3.0,male,29.0,0.0,0.0,7.2292,C
1138,0,3.0,male,29.0,0.0,0.0,7.25,S
1139,0,3.0,male,38.0,0.0,0.0,7.8958,S
1140,0,3.0,male,21.0,0.0,0.0,8.05,S
1141,0,3.0,male,10.0,4.0,1.0,29.125,Q
1142,0,3.0,male,4.0,4.0,1.0,29.125,Q
1143,0,3.0,male,7.0,4.0,1.0,29.125,Q
1144,0,3.0,male,2.0,4.0,1.0,29.125,Q
1145,0,3.0,male,8.0,4.0,1.0,29.125,Q
1146,0,3.0,female,39.0,0.0,5.0,29.125,Q
1147,0,3.0,female,22.0,0.0,0.0,39.6875,S
1148,0,3.0,male,35.0,0.0,0.0,7.125,S
1149,1,3.0,female,22.0,0.0,0.0,7.7208,Q
1150,0,3.0,male,29.0,0.0,0.0,14.5,S
1151,0,3.0,female,35.5,0.0,0.0,14.5,S
1152,0,3.0,male,50.0,1.0,0.0,14.5,S
1153,0,3.0,female,47.0,1.0,0.0,14.5,S
1154,0,3.0,male,29.0,0.0,0.0,8.05,S
1155,0,3.0,male,29.0,0.0,0.0,7.775,S
1156,0,3.0,female,2.0,1.0,1.0,20.2125,S
1157,0,3.0,male,18.0,1.0,1.0,20.2125,S
1158,0,3.0,female,41.0,0.0,2.0,20.2125,S
1159,1,3.0,female,22.0,0.0,0.0,8.05,S
1160,0,3.0,male,50.0,0.0,0.0,8.05,S
1161,0,3.0,male,16.0,0.0,0.0,8.05,S
1162,1,3.0,male,29.0,0.0,0.0,7.75,Q
1163,0,3.0,male,29.0,0.0,0.0,24.15,Q
1164,0,3.0,male,29.0,0.0,0.0,7.2292,C
1165,0,3.0,male,25.0,0.0,0.0,7.225,C
1166,0,3.0,male,29.0,0.0,0.0,7.225,C
1167,0,3.0,male,29.0,0.0,0.0,7.7292,Q
1168,0,3.0,male,29.0,0.0,0.0,7.575,S
1169,0,3.0,male,38.5,0.0,0.0,7.25,S
1170,0,3.0,male,4.0,8.0,2.0,69.55,S
1171,0,3.0,male,14.5,8.0,2.0,69.55,S
1172,0,3.0,female,22.0,8.0,2.0,69.55,S
1173,0,3.0,female,22.0,8.0,2.0,69.55,S
1174,0,3.0,female,22.0,8.0,2.0,69.55,S
1175,0,3.0,female,22.0,8.0,2.0,69.55,S
1176,0,3.0,male,29.0,8.0,2.0,69.55,S
1177,0,3.0,male,29.0,8.0,2.0,69.55,S
1178,0,3.0,male,29.0,8.0,2.0,69.55,S
1179,0,3.0,male,29.0,1.0,9.0,69.55,S
1180,0,3.0,female,35.5,1.0,9.0,69.55,S
1181,0,3.0,male,24.0,0.0,0.0,9.325,S
1182,1,3.0,female,21.0,0.0,0.0,7.65,S
1183,0,3.0,male,39.0,0.0,0.0,7.925,S
1184,0,3.0,male,29.0,2.0,0.0,21.6792,C
1185,0,3.0,male,29.0,2.0,0.0,21.6792,C
1186,0,3.0,male,29.0,2.0,0.0,21.6792,C
1187,1,3.0,female,1.0,1.0,1.0,16.7,S
1188,1,3.0,female,24.0,0.0,2.0,16.7,S
1189,1,3.0,female,4.0,1.0,1.0,16.7,S
1190,1,3.0,male,25.0,0.0,0.0,9.5,S
1191,0,3.0,male,20.0,0.0,0.0,8.05,S
1192,0,3.0,male,24.5,0.0,0.0,8.05,S
1193,0,3.0,male,29.0,0.0,0.0,7.725,Q
1194,0,3.0,male,29.0,0.0,0.0,7.8958,S
1195,0,3.0,male,29.0,0.0,0.0,7.75,Q
1196,1,3.0,male,29.0,0.0,0.0,9.5,S
1197,0,3.0,male,29.0,0.0,0.0,15.1,S
1198,1,3.0,female,22.0,0.0,0.0,7.7792,Q
1199,0,3.0,male,29.0,0.0,0.0,8.05,S
1200,0,3.0,male,29.0,0.0,0.0,8.05,S
1201,0,3.0,male,22.0,0.0,0.0,7.2292,C
1202,0,3.0,male,29.0,0.0,0.0,8.05,S
1203,0,3.0,male,40.0,0.0,0.0,7.8958,S
1204,0,3.0,male,21.0,0.0,0.0,7.925,S
1205,1,3.0,female,18.0,0.0,0.0,7.4958,S
1206,0,3.0,male,4.0,3.0,2.0,27.9,S
1207,0,3.0,male,10.0,3.0,2.0,27.9,S
1208,0,3.0,female,9.0,3.0,2.0,27.9,S
1209,0,3.0,female,2.0,3.0,2.0,27.9,S
1210,0,3.0,male,40.0,1.0,4.0,27.9,S
1211,0,3.0,female,45.0,1.0,4.0,27.9,S
1212,0,3.0,male,29.0,0.0,0.0,7.8958,S
1213,0,3.0,male,29.0,0.0,0.0,8.05,S
1214,0,3.0,male,29.0,0.0,0.0,8.6625,S
1215,0,3.0,male,29.0,0.0,0.0,7.75,Q
1216,1,3.0,female,22.0,0.0,0.0,7.7333,Q
1217,0,3.0,male,19.0,0.0,0.0,7.65,S
1218,0,3.0,male,30.0,0.0,0.0,8.05,S
1219,0,3.0,male,29.0,0.0,0.0,8.05,S
1220,0,3.0,male,32.0,0.0,0.0,8.05,S
1221,0,3.0,male,29.0,0.0,0.0,7.8958,S
1222,0,3.0,male,33.0,0.0,0.0,8.6625,C
1223,1,3.0,female,23.0,0.0,0.0,7.55,S
1224,0,3.0,male,21.0,0.0,0.0,8.05,S
1225,0,3.0,male,60.5,0.0,0.0,8.0,S
1226,0,3.0,male,19.0,0.0,0.0,7.8958,S
1227,0,3.0,female,22.0,0.0,0.0,9.8375,S
1228,1,3.0,male,31.0,0.0,0.0,7.925,S
1229,0,3.0,male,27.0,0.0,0.0,8.6625,S
1230,0,3.0,female,2.0,0.0,1.0,10.4625,S
1231,0,3.0,female,29.0,1.0,1.0,10.4625,S
1232,1,3.0,male,16.0,0.0,0.0,8.05,S
1233,1,3.0,male,44.0,0.0,0.0,7.925,S
1234,0,3.0,male,25.0,0.0,0.0,7.05,S
1235,0,3.0,male,74.0,0.0,0.0,7.775,S
1236,1,3.0,male,14.0,0.0,0.0,9.225,S
1237,0,3.0,male,24.0,0.0,0.0,7.7958,S
1238,1,3.0,male,25.0,0.0,0.0,7.7958,S
1239,0,3.0,male,34.0,0.0,0.0,8.05,S
1240,1,3.0,male,0.4167,0.0,1.0,8.5167,C
1241,0,3.0,male,29.0,1.0,0.0,6.4375,C
1242,0,3.0,male,29.0,0.0,0.0,6.4375,C
1243,0,3.0,male,29.0,0.0,0.0,7.225,C
1244,1,3.0,female,16.0,1.0,1.0,8.5167,C
1245,0,3.0,male,29.0,0.0,0.0,8.05,S
1246,0,3.0,male,29.0,1.0,0.0,16.1,S
1247,1,3.0,female,35.5,1.0,0.0,16.1,S
1248,0,3.0,male,32.0,0.0,0.0,7.925,S
1249,0,3.0,male,29.0,0.0,0.0,7.75,Q
1250,0,3.0,male,29.0,0.0,0.0,7.8958,S
1251,0,3.0,male,30.5,0.0,0.0,8.05,S
1252,0,3.0,male,44.0,0.0,0.0,8.05,S
1253,0,3.0,male,29.0,0.0,0.0,7.2292,C
1254,1,3.0,male,25.0,0.0,0.0,7.8958,S
1255,0,3.0,male,29.0,0.0,0.0,7.2292,C
1256,1,3.0,male,7.0,1.0,1.0,15.2458,C
1257,1,3.0,female,9.0,1.0,1.0,15.2458,C
1258,1,3.0,female,29.0,0.0,2.0,15.2458,C
1259,0,3.0,male,36.0,0.0,0.0,7.8958,S
1260,1,3.0,female,18.0,0.0,0.0,9.8417,S
1261,1,3.0,female,63.0,0.0,0.0,9.5875,S
1262,0,3.0,male,4.0,1.0,1.0,14.5,S
1263,0,3.0,male,11.5,1.0,1.0,14.5,S
1264,0,3.0,male,40.5,0.0,2.0,14.5,S
1265,0,3.0,female,10.0,0.0,2.0,24.15,S
1266,0,3.0,male,36.0,1.0,1.0,24.15,S
1267,0,3.0,female,30.0,1.0,1.0,24.15,S
1268,0,3.0,male,29.0,0.0,0.0,9.5,S
1269,0,3.0,male,33.0,0.0,0.0,9.5,S
1270,0,3.0,male,28.0,0.0,0.0,9.5,S
1271,0,3.0,male,28.0,0.0,0.0,9.5,S
1272,0,3.0,male,47.0,0.0,0.0,9.0,S
1273,0,3.0,female,18.0,2.0,0.0,18.0,S
1274,0,3.0,male,31.0,3.0,0.0,18.0,S
1275,0,3.0,male,16.0,2.0,0.0,18.0,S
1276,0,3.0,female,31.0,1.0,0.0,18.0,S
1277,1,3.0,male,22.0,0.0,0.0,7.225,C
1278,0,3.0,male,20.0,0.0,0.0,7.8542,S
1279,0,3.0,female,14.0,0.0,0.0,7.8542,S
1280,0,3.0,male,22.0,0.0,0.0,7.8958,S
1281,0,3.0,male,22.0,0.0,0.0,9.0,S
1282,0,3.0,male,29.0,0.0,0.0,8.05,S
1283,0,3.0,male,29.0,0.0,0.0,7.55,S
1284,0,3.0,male,29.0,0.0,0.0,8.05,S
1285,0,3.0,male,32.5,0.0,0.0,9.5,S
1286,1,3.0,female,38.0,0.0,0.0,7.2292,C
1287,0,3.0,male,51.0,0.0,0.0,7.75,S
1288,0,3.0,male,18.0,1.0,0.0,6.4958,S
1289,0,3.0,male,21.0,1.0,0.0,6.4958,S
1290,1,3.0,female,47.0,1.0,0.0,7.0,S
1291,0,3.0,male,29.0,0.0,0.0,8.7125,S
1292,0,3.0,male,29.0,0.0,0.0,7.55,S
1293,0,3.0,male,29.0,0.0,0.0,8.05,S
1294,0,3.0,male,28.5,0.0,0.0,16.1,S
1295,0,3.0,male,21.0,0.0,0.0,7.25,S
1296,0,3.0,male,27.0,0.0,0.0,8.6625,S
1297,0,3.0,male,29.0,0.0,0.0,7.25,S
1298,0,3.0,male,36.0,0.0,0.0,9.5,S
1299,0,3.0,male,27.0,1.0,0.0,14.4542,C
1300,1,3.0,female,15.0,1.0,0.0,14.4542,C
1301,0,3.0,male,45.5,0.0,0.0,7.225,C
1302,0,3.0,male,29.0,0.0,0.0,7.225,C
1303,0,3.0,male,29.0,0.0,0.0,14.4583,C
1304,0,3.0,female,14.5,1.0,0.0,14.4542,C
1305,0,3.0,female,22.0,1.0,0.0,14.4542,C
1306,0,3.0,male,26.5,0.0,0.0,7.225,C
1307,0,3.0,male,27.0,0.0,0.0,7.225,C
1308,0,3.0,male,29.0,0.0,0.0,7.875,S
